output_byte,character_escaped,byte_hex,input_hex_high_position,input_hex_low_position
0,'t',74,320,961
1,'h',68,1602,2243
2,'e',65,0,641
3,' ',20,1282,1923
4,'l',6c,2564,321
5,'p',70,962,1603
6,' ',20,2244,1
7,'w',77,642,1283
8,'a',61,1924,2565
9,'s',73,322,963
10,' ',20,1604,2245
11,'r',72,2,643
12,'e',65,1284,1925
13,'l',6c,2566,323
14,'o',6f,964,1605
15,'c',63,2246,3
16,'k',6b,644,1285
17,'e',65,1926,2567
18,'d',64,324,965
19,'.',2e,1606,2247
20,' ',20,4,645
21,' ',20,1286,1927
22,'w',77,2568,325
23,'e',65,966,1607
24,' ',20,2248,5
25,'w',77,646,1287
26,'i',69,1928,2569
27,'l',6c,326,967
28,'l',6c,1608,2249
29,' ',20,6,647
30,'k',6b,1288,1929
31,'e',65,2570,327
32,'e',65,968,1609
33,'p',70,2250,7
34,' ',20,648,1289
35,'d',64,1930,2571
36,'o',6f,328,969
37,'i',69,1610,2251
38,'n',6e,8,649
39,'g',67,1290,1931
40,' ',20,2572,329
41,'t',74,970,1611
42,'h',68,2252,9
43,'i',69,650,1291
44,'s',73,1932,2573
45,' ',20,330,971
46,'u',75,1612,2253
47,'n',6e,10,651
48,'t',74,1292,1933
49,'i',69,2574,331
50,'l',6c,972,1613
51,' ',20,2254,11
52,'i',69,652,1293
53,'t',74,1934,2575
54,' ',20,332,973
55,'i',69,1614,2255
56,'s',73,12,653
57,' ',20,1294,1935
58,'c',63,2576,333
59,'l',6c,974,1615
60,'e',65,2256,13
61,'a',61,654,1295
62,'r',72,1936,2577
63,' ',20,334,975
64,'t',74,1616,2257
65,'h',68,14,655
66,'a',61,1296,1937
67,'t',74,2578,335
68,' ',20,976,1617
69,'i',69,2258,15
70,'t',74,656,1297
71,' ',20,1938,2579
72,'c',63,336,977
73,'a',61,1618,2259
74,'n',6e,16,657
75,' ',20,1298,1939
76,'f',66,2580,337
77,'i',69,978,1619
78,'n',6e,2260,17
79,'d',64,658,1299
80,' ',20,1940,2581
81,'i',69,338,979
82,'t',74,1620,2261
83,"""'""",27,18,659
84,'s',73,1300,1941
85,' ',20,2582,339
86,'f',66,980,1621
87,'o',6f,2262,19
88,'r',72,660,1301
89,'e',65,1942,2583
90,'v',76,340,981
91,'e',65,1622,2263
92,'r',72,20,661
93,' ',20,1302,1943
94,'h',68,2584,341
95,'o',6f,982,1623
96,'m',6d,2264,21
97,'e',65,662,1303
98,'.',2e,1944,2585
99,' ',20,342,983
100,' ',20,1624,2265
101,'w',77,22,663
102,'e',65,1304,1945
103,' ',20,2586,343
104,'h',68,984,1625
105,'a',61,2266,23
106,'v',76,664,1305
107,'e',65,1946,2587
108,' ',20,344,985
109,'n',6e,1626,2267
110,'o',6f,24,665
111,' ',20,1306,1947
112,'f',66,2588,345
113,'i',69,986,1627
114,'n',6e,2268,25
115,'a',61,666,1307
116,'n',6e,1948,2589
117,'c',63,346,987
118,'i',69,1628,2269
119,'a',61,26,667
120,'l',6c,1308,1949
121,' ',20,2590,347
122,'i',69,988,1629
123,'n',6e,2270,27
124,'c',63,668,1309
125,'e',65,1950,2591
126,'n',6e,348,989
127,'t',74,1630,2271
128,'i',69,28,669
129,'v',76,1310,1951
130,'e',65,2592,349
131,' ',20,990,1631
132,'h',68,2272,29
133,'e',65,670,1311
134,'r',72,1952,2593
135,'e',65,350,991
136,'.',2e,1632,2273
137,' ',20,30,671
138,' ',20,1312,1953
139,'t',74,2594,351
140,'h',68,992,1633
141,'e',65,2274,31
142,' ',20,672,1313
143,'p',70,1954,2595
144,'u',75,352,993
145,'r',72,1634,2275
146,'p',70,32,673
147,'o',6f,1314,1955
148,'s',73,2596,353
149,'e',65,994,1635
150,' ',20,2276,33
151,'i',69,674,1315
152,'s',73,1956,2597
153,' ',20,354,995
154,'s',73,1636,2277
155,'u',75,34,675
156,'c',63,1316,1957
157,'c',63,2598,355
158,'e',65,996,1637
159,'s',73,2278,35
160,'s',73,676,1317
161,' ',20,1958,2599
162,'o',6f,356,997
163,'f',66,1638,2279
164,' ',20,36,677
165,'t',74,1318,1959
166,'h',68,2600,357
167,'e',65,998,1639
168,' ',20,2280,37
169,'e',65,678,1319
170,'x',78,1960,2601
171,'p',70,358,999
172,'e',65,1640,2281
173,'r',72,38,679
174,'i',69,1320,1961
175,'m',6d,2602,359
176,'e',65,1000,1641
177,'n',6e,2282,39
178,'t',74,680,1321
179,'\n',0a,1962,2603
180,'\n',0a,360,1001
181,'d',64,1642,2283
182,'e',65,40,681
183,'c',63,1322,1963
184,'e',65,2604,361
185,'n',6e,1002,1643
186,'t',74,2284,41
187,'r',72,682,1323
188,'a',61,1964,2605
189,'l',6c,362,1003
190,'i',69,1644,2285
191,'z',7a,42,683
192,'a',61,1324,1965
193,'t',74,2606,363
194,'i',69,1004,1645
195,'o',6f,2286,43
196,'n',6e,684,1325
197,' ',20,1966,2607
198,'i',69,364,1005
199,'s',73,1646,2287
200,' ',20,44,685
201,'a',61,1326,1967
202,' ',20,2608,365
203,'d',64,1006,1647
204,'e',65,2288,45
205,'e',65,686,1327
206,'p',70,1968,2609
207,'e',65,366,1007
208,'r',72,1648,2289
209,' ',20,46,687
210,'d',64,1328,1969
211,'i',69,2610,367
212,'v',76,1008,1649
213,'e',65,2290,47
214,' ',20,688,1329
215,'t',74,1970,2611
216,'h',68,368,1009
217,'e',65,1650,2291
218,'n',6e,48,689
219,' ',20,1330,1971
220,'m',6d,2612,369
221,'o',6f,1010,1651
222,'s',73,2292,49
223,'t',74,690,1331
224,' ',20,1972,2613
225,'r',72,370,1011
226,'e',65,1652,2293
227,'a',61,50,691
228,'l',6c,1332,1973
229,'i',69,2614,371
230,'z',7a,1012,1653
231,'e',65,2294,51
232,'.',2e,692,1333
233,' ',20,1974,2615
234,'i',69,372,1013
235,'t',74,1654,2295
236,' ',20,52,693
237,'a',61,1334,1975
238,'c',63,2616,373
239,'t',74,1014,1655
240,'u',75,2296,53
241,'a',61,694,1335
242,'l',6c,1976,2617
243,'l',6c,374,1015
244,'y',79,1656,2297
245,' ',20,54,695
246,'m',6d,1336,1977
247,'e',65,2618,375
248,'a',61,1016,1657
249,'n',6e,2298,55
250,'s',73,696,1337
251,' ',20,1978,2619
252,"""'""",27,376,1017
253,'n',6e,1658,2299
254,'o',6f,56,697
255,' ',20,1338,1979
256,'d',64,2620,377
257,'e',65,1018,1659
258,'v',76,2300,57
259,'s',73,698,1339
260,"""'""",27,1980,2621
261,' ',20,378,1019
262,' ',20,1660,2301
263,'n',6e,58,699
264,'o',6f,1340,1981
265,' ',20,2622,379
266,'h',68,1020,1661
267,'i',69,2302,59
268,'d',64,700,1341
269,'d',64,1982,2623
270,'e',65,380,1021
271,'n',6e,1662,2303
272,' ',20,60,701
273,'h',68,1342,1983
274,'a',61,2624,381
275,'n',6e,1022,1663
276,'d',64,2304,61
277,"','",2c,702,1343
278,' ',20,1984,2625
279,'n',6e,382,1023
280,'o',6f,1664,2305
281,'b',62,62,703
282,'o',6f,1344,1985
283,'d',64,2626,383
284,'y',79,1024,1665
285,' ',20,2306,63
286,'t',74,704,1345
287,'o',6f,1986,2627
288,' ',20,384,1025
289,'w',77,1666,2307
290,'a',61,64,705
291,'i',69,1346,1987
292,'t',74,2628,385
293,' ',20,1026,1667
294,'o',6f,2308,65
295,'n',6e,706,1347
296,' ',20,1988,2629
297,'t',74,386,1027
298,'o',6f,1668,2309
299,' ',20,66,707
300,'d',64,1348,1989
301,'o',6f,2630,387
302,' ',20,1028,1669
303,'t',74,2310,67
304,'h',68,708,1349
305,'e',65,1990,2631
306,' ',20,388,1029
307,'n',6e,1670,2311
308,'e',65,68,709
309,'e',65,1350,1991
310,'d',64,2632,389
311,'e',65,1030,1671
312,'d',64,2312,69
313,'.',2e,710,1351
314,' ',20,1992,2633
315,' ',20,390,1031
316,'i',69,1672,2313
317,'f',66,70,711
318,' ',20,1352,1993
319,'y',79,2634,391
320,'o',6f,1032,1673
321,'u',75,2314,71
322,' ',20,712,1353
323,'a',61,1994,2635
324,'r',72,392,1033
325,'e',65,1674,2315
326,' ',20,72,713
327,'a',61,1354,1995
328,' ',20,2636,393
329,'p',70,1034,1675
330,'l',6c,2316,73
331,'e',65,714,1355
332,'b',62,1996,2637
333,' ',20,394,1035
334,'s',73,1676,2317
335,'i',69,74,715
336,'t',74,1356,1997
337,'t',74,2638,395
338,'i',69,1036,1677
339,'n',6e,2318,75
340,'g',67,716,1357
341,' ',20,1998,2639
342,'a',61,396,1037
343,'r',72,1678,2319
344,'o',6f,76,717
345,'u',75,1358,1999
346,'n',6e,2640,397
347,'d',64,1038,1679
348,' ',20,2320,77
349,'w',77,718,1359
350,'a',61,2000,2641
351,'i',69,398,1039
352,'t',74,1680,2321
353,'i',69,78,719
354,'n',6e,1360,2001
355,'g',67,2642,399
356,' ',20,1040,1681
357,'f',66,2322,79
358,'o',6f,720,1361
359,'r',72,2002,2643
360,' ',20,400,1041
361,'t',74,1682,2323
362,'h',68,80,721
363,'e',65,1362,2003
364,' ',20,2644,401
365,'d',64,1042,1683
366,'e',65,2324,81
367,'v',76,722,1363
368,'s',73,2004,2645
369,' ',20,402,1043
370,'t',74,1684,2325
371,'o',6f,82,723
372,' ',20,1364,2005
373,'d',64,2646,403
374,'o',6f,1044,1685
375,' ',20,2326,83
376,'s',73,724,1365
377,'o',6f,2006,2647
378,'m',6d,404,1045
379,'e',65,1686,2327
380,'t',74,84,725
381,'h',68,1366,2007
382,'i',69,2648,405
383,'n',6e,1046,1687
384,'g',67,2328,85
385,"','",2c,726,1367
386,' ',20,2008,2649
387,'g',67,406,1047
388,'u',75,1688,2329
389,'e',65,86,727
390,'s',73,1368,2009
391,'s',73,2650,407
392,' ',20,1048,1689
393,'w',77,2330,87
394,'h',68,728,1369
395,'a',61,2010,2651
396,'t',74,408,1049
397,"','",2c,1690,2331
398,' ',20,88,729
399,'y',79,1370,2011
400,'o',6f,2652,409
401,'u',75,1050,1691
402,' ',20,2332,89
403,'a',61,730,1371
404,'r',72,2012,2653
405,'e',65,410,1051
406,' ',20,1692,2333
407,'t',74,90,731
408,'h',68,1372,2013
409,'e',65,2654,411
410,' ',20,1052,1693
411,'d',64,2334,91
412,'e',65,732,1373
413,'v',76,2014,2655
414,' ',20,412,1053
415,'n',6e,1694,2335
416,'o',6f,92,733
417,'w',77,1374,2015
418,'.',2e,2656,413
419,' ',20,1054,1695
420,'T',54,2336,93
421,'h',68,734,1375
422,'e',65,2016,2657
423,' ',20,414,1055
424,'m',6d,1696,2337
425,'a',61,94,735
426,'n',6e,1376,2017
427,'i',69,2658,415
428,'f',66,1056,1697
429,'e',65,2338,95
430,'s',73,736,1377
431,'t',74,2018,2659
432,'o',6f,416,1057
433,' ',20,1698,2339
434,'i',69,96,737
435,'s',73,1378,2019
436,' ',20,2660,417
437,'v',76,1058,1699
438,'e',65,2340,97
439,'r',72,738,1379
440,'y',79,2020,2661
441,' ',20,418,1059
442,'s',73,1700,2341
443,'i',69,98,739
444,'m',6d,1380,2021
445,'p',70,2662,419
446,'l',6c,1060,1701
447,'e',65,2342,99
448,'.',2e,740,1381
449,' ',20,2022,2663
450,' ',20,420,1061
451,'I',49,1702,2343
452,'t',74,100,741
453,' ',20,1382,2023
454,'r',72,2664,421
455,'e',65,1062,1703
456,'q',71,2344,101
457,'u',75,742,1383
458,'i',69,2024,2665
459,'r',72,422,1063
460,'e',65,1704,2345
461,'s',73,102,743
462,' ',20,1384,2025
463,'t',74,2666,423
464,'h',68,1064,1705
465,'e',65,2346,103
466,' ',20,744,1385
467,'f',66,2026,2667
468,'o',6f,424,1065
469,'l',6c,1706,2347
470,'l',6c,104,745
471,'o',6f,1386,2027
472,'w',77,2668,425
473,'i',69,1066,1707
474,'n',6e,2348,105
475,'g',67,746,1387
476,'\n',0a,2028,2669
477,'\n',0a,426,1067
478,'1',31,1708,2349
479,'-',2d,106,747
480,' ',20,1388,2029
481,'s',73,2670,427
482,'o',6f,1068,1709
483,'m',6d,2350,107
484,'e',65,748,1389
485,' ',20,2030,2671
486,'d',64,428,1069
487,'e',65,1710,2351
488,'v',76,108,749
489,' ',20,1390,2031
490,'t',74,2672,429
491,'o',6f,1070,1711
492,' ',20,2352,109
493,'p',70,750,1391
494,'u',75,2032,2673
495,'t',74,430,1071
496,' ',20,1712,2353
497,'u',75,110,751
498,'p',70,1392,2033
499,' ',20,2674,431
500,'a',61,1072,1713
501,' ',20,2354,111
502,'g',67,752,1393
503,'i',69,2034,2675
504,'t',74,432,1073
505,'h',68,1714,2355
506,'u',75,112,753
507,'b',62,1394,2035
508,'.',2e,2676,433
509,' ',20,1074,1715
510,'\n',0a,2356,113
511,'2',32,754,1395
512,'-',2d,2036,2677
513,' ',20,434,1075
514,'t',74,1716,2357
515,'h',68,114,755
516,'a',61,1396,2037
517,'t',74,2678,435
518,' ',20,1076,1717
519,'d',64,2358,115
520,'e',65,756,1397
521,'v',76,2038,2679
522,' ',20,436,1077
523,'a',61,1718,2359
524,'n',6e,116,757
525,'d',64,1398,2039
526,' ',20,2680,437
527,'o',6f,1078,1719
528,'t',74,2360,117
529,'h',68,758,1399
530,'e',65,2040,2681
531,'r',72,438,1079
532,'s',73,1720,2361
533,' ',20,118,759
534,'c',63,1400,2041
535,'o',6f,2682,439
536,'n',6e,1080,1721
537,'t',74,2362,119
538,'r',72,760,1401
539,'i',69,2042,2683
540,'b',62,440,1081
541,'u',75,1722,2363
542,'t',74,120,761
543,'e',65,1402,2043
544,' ',20,2684,441
545,'t',74,1082,1723
546,'o',6f,2364,121
547,' ',20,762,1403
548,'i',69,2044,2685
549,'t',74,442,1083
550,' ',20,1724,2365
551,'a',61,122,763
552,'c',63,1404,2045
553,'c',63,2686,443
554,'o',6f,1084,1725
555,'r',72,2366,123
556,'d',64,764,1405
557,'i',69,2046,2687
558,'n',6e,444,1085
559,'g',67,1726,2367
560,' ',20,124,765
561,'t',74,1406,2047
562,'o',6f,2688,445
563,' ',20,1086,1727
564,'t',74,2368,125
565,'h',68,766,1407
566,'e',65,2048,2689
567,' ',20,446,1087
568,'m',6d,1728,2369
569,'a',61,126,767
570,'n',6e,1408,2049
571,'i',69,2690,447
572,'f',66,1088,1729
573,'e',65,2370,127
574,'s',73,768,1409
575,'t',74,2050,2691
576,'o',6f,448,1089
577,' ',20,1730,2371
578,'(',28,128,769
579,'o',6f,1410,2051
580,'r',72,2692,449
581,' ',20,1090,1731
582,'i',69,2372,129
583,'f',66,770,1411
584,' ',20,2052,2693
585,'c',63,450,1091
586,'l',6c,1732,2373
587,'e',65,130,771
588,'a',61,1412,2053
589,'r',72,2694,451
590,' ',20,1092,1733
591,'c',63,2374,131
592,'h',68,772,1413
593,'a',61,2054,2695
594,'n',6e,452,1093
595,'g',67,1734,2375
596,'e',65,132,773
597,'s',73,1414,2055
598,' ',20,2696,453
599,'w',77,1094,1735
600,'e',65,2376,133
601,'r',72,774,1415
602,'e',65,2056,2697
603,' ',20,454,1095
604,'a',61,1736,2377
605,'g',67,134,775
606,'r',72,1416,2057
607,'e',65,2698,455
608,'e',65,1096,1737
609,'d',64,2378,135
610,')',29,776,1417
611,'\n',0a,2058,2699
612,'3',33,456,1097
613,'-',2d,1738,2379
614,' ',20,136,777
615,'e',65,1418,2059
616,'v',76,2700,457
617,'e',65,1098,1739
618,'n',6e,2380,137
619,'t',74,778,1419
620,'u',75,2060,2701
621,'a',61,458,1099
622,'l',6c,1740,2381
623,'l',6c,138,779
624,'y',79,1420,2061
625,' ',20,2702,459
626,'w',77,1100,1741
627,'e',65,2382,139
628,' ',20,780,1421
629,'h',68,2062,2703
630,'a',61,460,1101
631,'v',76,1742,2383
632,'e',65,140,781
633,' ',20,1422,2063
634,'a',61,2704,461
635,' ',20,1102,1743
636,'t',74,2384,141
637,'h',68,782,1423
638,'i',69,2064,2705
639,'n',6e,462,1103
640,'g',67,1744,2385
641,' ',20,142,783
642,'t',74,1424,2065
643,'h',68,2706,463
644,'a',61,1104,1745
645,'t',74,2386,143
646,' ',20,784,1425
647,'i',69,2066,2707
648,'s',73,464,1105
649,' ',20,1746,2387
650,'s',73,144,785
651,'o',6f,1426,2067
652,'l',6c,2708,465
653,'i',69,1106,1747
654,'d',64,2388,145
655,"','",2c,786,1427
656,' ',20,2068,2709
657,'p',70,466,1107
658,'e',65,1748,2389
659,'e',65,146,787
660,'r',72,1428,2069
661,' ',20,2710,467
662,'r',72,1108,1749
663,'e',65,2390,147
664,'v',76,788,1429
665,'i',69,2070,2711
666,'e',65,468,1109
667,'w',77,1750,2391
668,'e',65,148,789
669,'d',64,1430,2071
670,"','",2c,2712,469
671,' ',20,1110,1751
672,'c',63,2392,149
673,'o',6f,790,1431
674,'n',6e,2072,2713
675,'t',74,470,1111
676,'r',72,1752,2393
677,'i',69,150,791
678,'b',62,1432,2073
679,'u',75,2714,471
680,'t',74,1112,1753
681,'e',65,2394,151
682,'d',64,792,1433
683,' ',20,2074,2715
684,'t',74,472,1113
685,'o',6f,1754,2395
686,' ',20,152,793
687,'b',62,1434,2075
688,'y',79,2716,473
689,' ',20,1114,1755
690,'m',6d,2396,153
691,'a',61,794,1435
692,'n',6e,2076,2717
693,'y',79,474,1115
694,' ',20,1756,2397
695,'a',61,154,795
696,'n',6e,1436,2077
697,'d',64,2718,475
698,' ',20,1116,1757
699,'i',69,2398,155
700,'t',74,796,1437
701,' ',20,2078,2719
702,'i',69,476,1117
703,'s',73,1758,2399
704,' ',20,156,797
705,'a',61,1438,2079
706,'g',67,2720,477
707,'r',72,1118,1759
708,'e',65,2400,157
709,'e',65,798,1439
710,'d',64,2080,2721
711,' ',20,478,1119
712,'t',74,1760,2401
713,'o',6f,158,799
714,' ',20,1440,2081
715,'b',62,2722,479
716,'e',65,1120,1761
717,' ',20,2402,159
718,'r',72,800,1441
719,'e',65,2082,2723
720,'l',6c,480,1121
721,'e',65,1762,2403
722,'a',61,160,801
723,'s',73,1442,2083
724,'e',65,2724,481
725,'d',64,1122,1763
726,'\n',0a,2404,161
727,'\n',0a,802,1443
728,'i',69,2084,2725
729,'f',66,482,1123
730,' ',20,1764,2405
731,'y',79,162,803
732,'o',6f,1444,2085
733,'u',75,2726,483
734,' ',20,1124,1765
735,'a',61,2406,163
736,'r',72,804,1445
737,'e',65,2086,2727
738,' ',20,484,1125
739,'w',77,1766,2407
740,'a',61,164,805
741,'i',69,1446,2087
742,'t',74,2728,485
743,'i',69,1126,1767
744,'n',6e,2408,165
745,'g',67,806,1447
746,' ',20,2088,2729
747,'o',6f,486,1127
748,'n',6e,1768,2409
749,' ',20,166,807
750,'s',73,1448,2089
751,'o',6f,2730,487
752,'m',6d,1128,1769
753,'e',65,2410,167
754,' ',20,808,1449
755,'d',64,2090,2731
756,'e',65,488,1129
757,'v',76,1770,2411
758,' ',20,168,809
759,'t',74,1450,2091
760,'o',6f,2732,489
761,' ',20,1130,1771
762,'d',64,2412,169
763,'o',6f,810,1451
764,' ',20,2092,2733
765,'s',73,490,1131
766,'o',6f,1772,2413
767,'m',6d,170,811
768,'e',65,1452,2093
769,'t',74,2734,491
770,'h',68,1132,1773
771,'i',69,2414,171
772,'n',6e,812,1453
773,'g',67,2094,2735
774,"','",2c,492,1133
775,' ',20,1774,2415
776,'m',6d,172,813
777,'a',61,1454,2095
778,'y',79,2736,493
779,'b',62,1134,1775
780,'e',65,2416,173
781,' ',20,814,1455
782,'d',64,2096,2737
783,'o',6f,494,1135
784,' ',20,1776,2417
785,'n',6e,174,815
786,'o',6f,1456,2097
787,'t',74,2738,495
788,' ',20,1136,1777
789,'w',77,2418,175
790,'o',6f,816,1457
791,'r',72,2098,2739
792,'r',72,496,1137
793,'y',79,1778,2419
794,' ',20,176,817
795,'a',61,1458,2099
796,'b',62,2740,497
797,'o',6f,1138,1779
798,'u',75,2420,177
799,'t',74,818,1459
800,' ',20,2100,2741
801,'h',68,498,1139
802,'i',69,1780,2421
803,'m',6d,178,819
804,' ',20,1460,2101
805,'a',61,2742,499
806,'n',6e,1140,1781
807,'y',79,2422,179
808,'m',6d,820,1461
809,'o',6f,2102,2743
810,'r',72,500,1141
811,'e',65,1782,2423
812,' ',20,180,821
813,'a',61,1462,2103
814,'n',6e,2744,501
815,'d',64,1142,1783
816,' ',20,2424,181
817,'f',66,822,1463
818,'o',6f,2104,2745
819,'l',6c,502,1143
820,'l',6c,1784,2425
821,'o',6f,182,823
822,'w',77,1464,2105
823,' ',20,2746,503
824,'t',74,1144,1785
825,'h',68,2426,183
826,'e',65,824,1465
827,' ',20,2106,2747
828,'a',61,504,1145
829,'b',62,1786,2427
830,'o',6f,184,825
831,'v',76,1466,2107
832,'e',65,2748,505
833,'\n',0a,1146,1787
834,'\n',0a,2428,185
835,'a',61,826,1467
836,'l',6c,2108,2749
837,'s',73,506,1147
838,'o',6f,1788,2429
839,' ',20,186,827
840,'t',74,1468,2109
841,'o',6f,2750,507
842,' ',20,1148,1789
843,'b',62,2430,187
844,'e',65,828,1469
845,' ',20,2110,2751
846,'v',76,508,1149
847,'e',65,1790,2431
848,'r',72,188,829
849,'y',79,1470,2111
850,' ',20,2752,509
851,'v',76,1150,1791
852,'e',65,2432,189
853,'r',72,830,1471
854,'y',79,2112,2753
855,' ',20,510,1151
856,'v',76,1792,2433
857,'e',65,190,831
858,'r',72,1472,2113
859,'y',79,2754,511
860,' ',20,1152,1793
861,'v',76,2434,191
862,'e',65,832,1473
863,'r',72,2114,2755
864,'y',79,512,1153
865,' ',20,1794,2435
866,'c',63,192,833
867,'l',6c,1474,2115
868,'e',65,2756,513
869,'a',61,1154,1795
870,'r',72,2436,193
871,'.',2e,834,1475
872,' ',20,2116,2757
873,'T',54,514,1155
874,'h',68,1796,2437
875,'i',69,194,835
876,'s',73,1476,2117
877,' ',20,2758,515
878,'c',63,1156,1797
879,'o',6f,2438,195
880,'d',64,836,1477
881,'e',65,2118,2759
882,' ',20,516,1157
883,'a',61,1798,2439
884,'n',6e,196,837
885,'d',64,1478,2119
886,' ',20,2760,517
887,'c',63,1158,1799
888,'o',6f,2440,197
889,'n',6e,838,1479
890,'t',74,2120,2761
891,'r',72,518,1159
892,'a',61,1800,2441
893,'c',63,198,839
894,'t',74,1480,2121
895,' ',20,2762,519
896,'n',6e,1160,1801
897,'e',65,2442,199
898,'e',65,840,1481
899,'d',64,2122,2763
900,'s',73,520,1161
901,' ',20,1802,2443
902,'t',74,200,841
903,'o',6f,1482,2123
904,' ',20,2764,521
905,'b',62,1162,1803
906,'e',65,2444,201
907,' ',20,842,1483
908,'p',70,2124,2765
909,'u',75,522,1163
910,'t',74,1804,2445
911,' ',20,202,843
912,'u',75,1484,2125
913,'p',70,2766,523
914,' ',20,1164,1805
915,'w',77,2446,203
916,'i',69,844,1485
917,'t',74,2126,2767
918,'h',68,524,1165
919,' ',20,1806,2447
920,'n',6e,204,845
921,'o',6f,1486,2127
922,' ',20,2768,525
923,'d',64,1166,1807
924,'e',65,2448,205
925,'v',76,846,1487
926,' ',20,2128,2769
927,'b',62,526,1167
928,'a',61,1808,2449
929,'c',63,206,847
930,'k',6b,1488,2129
931,'d',64,2770,527
932,'o',6f,1168,1809
933,'o',6f,2450,207
934,'r',72,848,1489
935,'s',73,2130,2771
936,"','",2c,528,1169
937,' ',20,1810,2451
938,'n',6e,208,849
939,'o',6f,1490,2131
940,' ',20,2772,529
941,'p',70,1170,1811
942,'r',72,2452,209
943,'o',6f,850,1491
944,'x',78,2132,2773
945,'y',79,530,1171
946,"','",2c,1812,2453
947,' ',20,210,851
948,'n',6e,1492,2133
949,'o',6f,2774,531
950,' ',20,1172,1813
951,'m',6d,2454,211
952,'u',75,852,1493
953,'l',6c,2134,2775
954,'t',74,532,1173
955,'i',69,1814,2455
956,'s',73,212,853
957,'i',69,1494,2135
958,'g',67,2776,533
959,'s',73,1174,1815
960,' ',20,2456,213
961,'.',2e,854,1495
962,' ',20,2136,2777
963,'I',49,534,1175
964,'n',6e,1816,2457
965,' ',20,214,855
966,'f',66,1496,2137
967,'a',61,2778,535
968,'c',63,1176,1817
969,'t',74,2458,215
970,"','",2c,856,1497
971,' ',20,2138,2779
972,'i',69,536,1177
973,'t',74,1818,2459
974,' ',20,216,857
975,'n',6e,1498,2139
976,'e',65,2780,537
977,'e',65,1178,1819
978,'d',64,2460,217
979,'s',73,858,1499
980,' ',20,2140,2781
981,'t',74,538,1179
982,'o',6f,1820,2461
983,' ',20,218,859
984,'b',62,1500,2141
985,'e',65,2782,539
986,' ',20,1180,1821
987,'w',77,2462,219
988,'r',72,860,1501
989,'i',69,2142,2783
990,'t',74,540,1181
991,'t',74,1822,2463
992,'e',65,220,861
993,'n',6e,1502,2143
994,' ',20,2784,541
995,'i',69,1182,1823
996,'n',6e,2464,221
997,' ',20,862,1503
998,'a',61,2144,2785
999,' ',20,542,1183
1000,'w',77,1824,2465
1001,'a',61,222,863
1002,'y',79,1504,2145
1003,' ',20,2786,543
1004,'t',74,1184,1825
1005,'h',68,2466,223
1006,'a',61,864,1505
1007,'t',74,2146,2787
1008,' ',20,544,1185
1009,'a',61,1826,2467
1010,'f',66,224,865
1011,'t',74,1506,2147
1012,'e',65,2788,545
1013,'r',72,1186,1827
1014,' ',20,2468,225
1015,'t',74,866,1507
1016,'h',68,2148,2789
1017,'e',65,546,1187
1018,' ',20,1828,2469
1019,'d',64,226,867
1020,'e',65,1508,2149
1021,'p',70,2790,547
1022,'l',6c,1188,1829
1023,'o',6f,2470,227
1024,'y',79,868,1509
1025,"','",2c,2150,2791
1026,' ',20,548,1189
1027,'t',74,1830,2471
1028,'h',68,228,869
1029,'e',65,1510,2151
1030,' ',20,2792,549
1031,'d',64,1190,1831
1032,'e',65,2472,229
1033,'v',76,870,1511
1034,'(',28,2152,2793
1035,'s',73,550,1191
1036,')',29,1832,2473
1037,' ',20,230,871
1038,'t',74,1512,2153
1039,'h',68,2794,551
1040,'a',61,1192,1833
1041,'t',74,2474,231
1042,' ',20,872,1513
1043,'d',64,2154,2795
1044,'e',65,552,1193
1045,'p',70,1834,2475
1046,'l',6c,232,873
1047,'o',6f,1514,2155
1048,'y',79,2796,553
1049,'e',65,1194,1835
1050,'d',64,2476,233
1051,' ',20,874,1515
1052,'i',69,2156,2797
1053,'t',74,554,1195
1054,' ',20,1836,2477
1055,'d',64,234,875
1056,'o',6f,1516,2157
1057,' ',20,2798,555
1058,'n',6e,1196,1837
1059,'o',6f,2478,235
1060,'t',74,876,1517
1061,' ',20,2158,2799
1062,'m',6d,556,1197
1063,'a',61,1838,2479
1064,'t',74,236,877
1065,'t',74,1518,2159
1066,'e',65,2800,557
1067,'r',72,1198,1839
1068,' ',20,2480,237
1069,'m',6d,878,1519
1070,'o',6f,2160,2801
1071,'r',72,558,1199
1072,'e',65,1840,2481
1073,' ',20,238,879
1074,'t',74,1520,2161
1075,'h',68,2802,559
1076,'a',61,1200,1841
1077,'n',6e,2482,239
1078,' ',20,880,1521
1079,'a',61,2162,2803
1080,'n',6e,560,1201
1081,'y',79,1842,2483
1082,' ',20,240,881
1083,'i',69,1522,2163
1084,'n',6e,2804,561
1085,'d',64,1202,1843
1086,'i',69,2484,241
1087,'v',76,882,1523
1088,'i',69,2164,2805
1089,'d',64,562,1203
1090,'u',75,1844,2485
1091,'a',61,242,883
1092,'l',6c,1524,2165
1093,' ',20,2806,563
1094,'c',63,1204,1845
1095,'o',6f,2486,243
1096,'m',6d,884,1525
1097,'m',6d,2166,2807
1098,'u',75,564,1205
1099,'n',6e,1846,2487
1100,'i',69,244,885
1101,'t',74,1526,2167
1102,'y',79,2808,565
1103,' ',20,1206,1847
1104,'m',6d,2488,245
1105,'e',65,886,1527
1106,'m',6d,2168,2809
1107,'b',62,566,1207
1108,'e',65,1848,2489
1109,'r',72,246,887
1110,'.',2e,1528,2169
1111,' ',20,2810,567
1112,'\n',0a,1208,1849
1113,'\n',0a,2490,247
1114,'T',54,888,1529
1115,'h',68,2170,2811
1116,'e',65,568,1209
1117,' ',20,1850,2491
1118,'s',73,248,889
1119,'c',63,1530,2171
1120,'o',6f,2812,569
1121,'p',70,1210,1851
1122,'e',65,2492,249
1123,' ',20,890,1531
1124,'o',6f,2172,2813
1125,'f',66,570,1211
1126,' ',20,1852,2493
1127,'w',77,250,891
1128,'h',68,1532,2173
1129,'a',61,2814,571
1130,'t',74,1212,1853
1131,' ',20,2494,251
1132,'w',77,892,1533
1133,'e',65,2174,2815
1134,' ',20,572,1213
1135,'a',61,1854,2495
1136,'r',72,252,893
1137,'e',65,1534,2175
1138,' ',20,2816,573
1139,'t',74,1214,1855
1140,'r',72,2496,253
1141,'y',79,894,1535
1142,'i',69,2176,2817
1143,'n',6e,574,1215
1144,'g',67,1856,2497
1145,' ',20,254,895
1146,'t',74,1536,2177
1147,'o',6f,2818,575
1148,' ',20,1216,1857
1149,'a',61,2498,255
1150,'c',63,896,1537
1151,'h',68,2178,2819
1152,'i',69,576,1217
1153,'e',65,1858,2499
1154,'v',76,256,897
1155,'e',65,1538,2179
1156,' ',20,2820,577
1157,'n',6e,1218,1859
1158,'e',65,2500,257
1159,'e',65,898,1539
1160,'d',64,2180,2821
1161,'s',73,578,1219
1162,' ',20,1860,2501
1163,'t',74,258,899
1164,'o',6f,1540,2181
1165,' ',20,2822,579
1166,'b',62,1220,1861
1167,'e',65,2502,259
1168,' ',20,900,1541
1169,'g',67,2182,2823
1170,'r',72,580,1221
1171,'e',65,1862,2503
1172,'a',61,260,901
1173,'t',74,1542,2183
1174,'e',65,2824,581
1175,'r',72,1222,1863
1176,' ',20,2504,261
1177,'t',74,902,1543
1178,'h',68,2184,2825
1179,'a',61,582,1223
1180,'n',6e,1864,2505
1181,' ',20,262,903
1182,'a',61,1544,2185
1183,'n',6e,2826,583
1184,'y',79,1224,1865
1185,' ',20,2506,263
1186,'s',73,904,1545
1187,'i',69,2186,2827
1188,'n',6e,584,1225
1189,'g',67,1866,2507
1190,'l',6c,264,905
1191,'e',65,1546,2187
1192,' ',20,2828,585
1193,'h',68,1226,1867
1194,'u',75,2508,265
1195,'m',6d,906,1547
1196,'a',61,2188,2829
1197,'n',6e,586,1227
1198,' ',20,1868,2509
1199,'o',6f,266,907
1200,'r',72,1548,2189
1201,' ',20,2830,587
1202,'g',67,1228,1869
1203,'r',72,2510,267
1204,'o',6f,908,1549
1205,'u',75,2190,2831
1206,'p',70,588,1229
1207,' ',20,1870,2511
1208,'a',61,268,909
1209,'n',6e,1550,2191
1210,'d',64,2832,589
1211,' ',20,1230,1871
1212,'b',62,2512,269
1213,'e',65,910,1551
1214,' ',20,2192,2833
1215,'t',74,590,1231
1216,'r',72,1872,2513
1217,'u',75,270,911
1218,'l',6c,1552,2193
1219,'y',79,2834,591
1220,' ',20,1232,1873
1221,'c',63,2514,271
1222,'e',65,912,1553
1223,'n',6e,2194,2835
1224,'s',73,592,1233
1225,'o',6f,1874,2515
1226,'r',72,272,913
1227,'s',73,1554,2195
1228,'h',68,2836,593
1229,'i',69,1234,1875
1230,'p',70,2516,273
1231,' ',20,914,1555
1232,'r',72,2196,2837
1233,'e',65,594,1235
1234,'s',73,1876,2517
1235,'i',69,274,915
1236,'s',73,1556,2197
1237,'t',74,2838,595
1238,'a',61,1236,1877
1239,'n',6e,2518,275
1240,'t',74,916,1557
1241,'.',2e,2198,2839
1242,' ',20,596,1237
1243,' ',20,1878,2519
1244,' ',20,276,917
1245,'O',4f,1558,2199
1246,'n',6e,2840,597
1247,' ',20,1238,1879
1248,'t',74,2520,277
1249,'h',68,918,1559
1250,'e',65,2200,2841
1251,' ',20,598,1239
1252,'s',73,1880,2521
1253,'a',61,278,919
1254,'m',6d,1560,2201
1255,'e',65,2842,599
1256,' ',20,1240,1881
1257,'n',6e,2522,279
1258,'o',6f,920,1561
1259,'t',74,2202,2843
1260,'e',65,600,1241
1261,"','",2c,1882,2523
1262,' ',20,280,921
1263,'a',61,1562,2203
1264,'n',6e,2844,601
1265,'y',79,1242,1883
1266,'b',62,2524,281
1267,'o',6f,922,1563
1268,'d',64,2204,2845
1269,'y',79,602,1243
1270,' ',20,1884,2525
1271,'t',74,282,923
1272,'r',72,1564,2205
1273,'y',79,2846,603
1274,'i',69,1244,1885
1275,'n',6e,2526,283
1276,'g',67,924,1565
1277,' ',20,2206,2847
1278,'t',74,604,1245
1279,'o',6f,1886,2527
1280,' ',20,284,925
1281,'b',62,1566,2207
1282,'u',75,2848,605
1283,'i',69,1246,1887
1284,'l',6c,2528,285
1285,'d',64,926,1567
1286,' ',20,2208,2849
1287,'a',61,606,1247
1288,' ',20,1888,2529
1289,"""'""",27,286,927
1290,'g',67,1568,2209
1291,'r',72,2850,607
1292,'o',6f,1248,1889
1293,'w',77,2530,287
1294,'t',74,928,1569
1295,'h',68,2210,2851
1296,' ',20,608,1249
1297,'f',66,1890,2531
1298,'u',75,288,929
1299,'n',6e,1570,2211
1300,'d',64,2852,609
1301,"'""'",22,1250,1891
1302,' ',20,2532,289
1303,'o',6f,930,1571
1304,'r',72,2212,2853
1305,' ',20,610,1251
1306,"'""'",22,1892,2533
1307,'d',64,290,931
1308,'a',61,1572,2213
1309,'o',6f,2854,611
1310,"'""'",22,1252,1893
1311,' ',20,2534,291
1312,'o',6f,932,1573
1313,'r',72,2214,2855
1314,' ',20,612,1253
1315,"'""'",22,1894,2535
1316,'s',73,292,933
1317,'u',75,1574,2215
1318,'p',70,2856,613
1319,'p',70,1254,1895
1320,'o',6f,2536,293
1321,'r',72,934,1575
1322,'t',74,2216,2857
1323,' ',20,614,1255
1324,'t',74,1896,2537
1325,'o',6f,294,935
1326,'k',6b,1576,2217
1327,'e',65,2858,615
1328,'n',6e,1256,1897
1329,"'""'",22,2538,295
1330,' ',20,936,1577
1331,' ',20,2218,2859
1332,'b',62,616,1257
1333,'a',61,1898,2539
1334,'s',73,296,937
1335,'e',65,1578,2219
1336,'d',64,2860,617
1337,' ',20,1258,1899
1338,'a',61,2540,297
1339,'r',72,938,1579
1340,'o',6f,2220,2861
1341,'u',75,618,1259
1342,'n',6e,1900,2541
1343,'d',64,298,939
1344,' ',20,1580,2221
1345,'t',74,2862,619
1346,'h',68,1260,1901
1347,'i',69,2542,299
1348,'s',73,940,1581
1349,' ',20,2222,2863
1350,'c',63,620,1261
1351,'a',61,1902,2543
1352,'n',6e,300,941
1353,' ',20,1582,2223
1354,'g',67,2864,621
1355,'o',6f,1262,1903
1356,' ',20,2544,301
1357,'a',61,942,1583
1358,'n',6e,2224,2865
1359,'d',64,622,1263
1360,' ',20,1904,2545
1361,'d',64,302,943
1362,'i',69,1584,2225
1363,'e',65,2866,623
1364,'.',2e,1264,1905
1365,' ',20,2546,303
1366,'w',77,944,1585
1367,'e',65,2226,2867
1368,' ',20,624,1265
1369,'d',64,1906,2547
1370,'o',6f,304,945
1371,' ',20,1586,2227
1372,'t',74,2868,625
1373,'h',68,1266,1907
1374,'i',69,2548,305
1375,'s',73,946,1587
1376,' ',20,2228,2869
1377,'f',66,626,1267
1378,'o',6f,1908,2549
1379,'r',72,306,947
1380,' ',20,1588,2229
1381,'t',74,2870,627
1382,'e',65,1268,1909
1383,'h',68,2550,307
1384,' ',20,948,1589
1385,'c',63,2230,2871
1386,'o',6f,628,1269
1387,'m',6d,1910,2551
1388,'m',6d,308,949
1389,'u',75,1590,2231
1390,'n',6e,2872,629
1391,'i',69,1270,1911
1392,'t',74,2552,309
1393,'y',79,950,1591
1394,'.',2e,2232,2873
1395,' ',20,630,1271
1396,'C',43,1912,2553
1397,'A',41,310,951
1398,'W',57,1592,2233
1399,' ',20,2874,631
1400,'i',69,1272,1913
1401,'s',73,2554,311
1402,' ',20,952,1593
1403,'e',65,2234,2875
1404,'x',78,632,1273
1405,'a',61,1914,2555
1406,'c',63,312,953
1407,'t',74,1594,2235
1408,'l',6c,2876,633
1409,'y',79,1274,1915
1410,' ',20,2556,313
1411,'w',77,954,1595
1412,'h',68,2236,2877
1413,'a',61,634,1275
1414,'t',74,1916,2557
1415,' ',20,314,955
1416,'i',69,1596,2237
1417,'t',74,2878,635
1418,' ',20,1276,1917
1419,'s',73,2558,315
1420,'a',61,956,1597
1421,'y',79,2238,2879
1422,'s',73,636,1277
1423,' ',20,1918,2559
1424,'i',69,316,957
1425,'t',74,1598,2239
1426,' ',20,2880,637
1427,'i',69,1278,1919
1428,'s',73,2560,317
1429,'.',2e,958,1599
1430,'\n',0a,2240,2881
1431,'\n',0a,638,1279
1432,'g',67,1920,2561
1433,'l',6c,318,959
1434,' ',20,1600,2241
1435,'a',61,2882,639
1436,'n',6e,1280,1921
1437,'o',6f,2562,319
1438,'n',6e,960,1601
1439,'s',73,2242,2883
1440,'.',2e,640,1281
1441,' ',20,1922,2563
